{
  "hash": "8679623c",
  "configHash": "98c5cf2b",
  "lockfileHash": "a5aca5b5",
  "browserHash": "daa3aac8",
  "optimized": {
    "@angular/common": {
      "src": "../../../../../../node_modules/@angular/common/fesm2022/common.mjs",
      "file": "@angular_common.js",
      "fileHash": "5776c999",
      "needsInterop": false
    },
    "@angular/common/http": {
      "src": "../../../../../../node_modules/@angular/common/fesm2022/http.mjs",
      "file": "@angular_common_http.js",
      "fileHash": "ace1316d",
      "needsInterop": false
    },
    "@angular/core": {
      "src": "../../../../../../node_modules/@angular/core/fesm2022/core.mjs",
      "file": "@angular_core.js",
      "fileHash": "aaf2cd6e",
      "needsInterop": false
    },
    "@angular/forms": {
      "src": "../../../../../../node_modules/@angular/forms/fesm2022/forms.mjs",
      "file": "@angular_forms.js",
      "fileHash": "9bf663f6",
      "needsInterop": false
    },
    "@angular/platform-browser": {
      "src": "../../../../../../node_modules/@angular/platform-browser/fesm2022/platform-browser.mjs",
      "file": "@angular_platform-browser.js",
      "fileHash": "4c0859f8",
      "needsInterop": false
    },
    "@angular/router": {
      "src": "../../../../../../node_modules/@angular/router/fesm2022/router.mjs",
      "file": "@angular_router.js",
      "fileHash": "a04dc086",
      "needsInterop": false
    },
    "rxjs/operators": {
      "src": "../../../../../../node_modules/rxjs/dist/esm5/operators/index.js",
      "file": "rxjs_operators.js",
      "fileHash": "a585b35f",
      "needsInterop": false
    },
    "rxjs": {
      "src": "../../../../../../node_modules/rxjs/dist/esm5/index.js",
      "file": "rxjs.js",
      "fileHash": "b44cf561",
      "needsInterop": false
    }
  },
  "chunks": {
    "chunk-7PGXJXT5": {
      "file": "chunk-7PGXJXT5.js"
    },
    "chunk-QBI5BUZJ": {
      "file": "chunk-QBI5BUZJ.js"
    },
    "chunk-D7RC6YA4": {
      "file": "chunk-D7RC6YA4.js"
    },
    "chunk-Q6ADHSG6": {
      "file": "chunk-Q6ADHSG6.js"
    },
    "chunk-2S4W2DQC": {
      "file": "chunk-2S4W2DQC.js"
    },
    "chunk-J46EEYGT": {
      "file": "chunk-J46EEYGT.js"
    },
    "chunk-4YCCEXQQ": {
      "file": "chunk-4YCCEXQQ.js"
    },
    "chunk-U7EDC2PH": {
      "file": "chunk-U7EDC2PH.js"
    }
  }
}